candidate_id,age,education,experience,current_salary,offered_salary,job_role,location,work_mode,relocation,career_growth,acceptance
1,23,MCA,0,31535,51905,Web Developer,Chennai,Remote,Yes,Low,Accepted
2,36,M.Tech,11,61719,83443,Project Manager,Pune,Hybrid,Yes,Low,Rejected
3,34,MCA,9,28439,30141,Project Manager,Pune,Office,No,Low,Rejected
4,30,MBA,6,66190,87994,Software Developer,Chennai,Remote,Yes,Medium,Rejected
5,30,B.Sc,4,64755,63234,Project Manager,Hyderabad,Remote,No,High,Rejected
6,38,MCA,14,27742,38308,Web Developer,Chennai,Remote,No,Low,Rejected
7,23,MCA,2,73509,82595,Data Analyst,Hyderabad,Remote,No,Low,Rejected
8,35,B.Sc,9,50275,54753,Web Developer,Chennai,Remote,Yes,Low,Accepted
9,25,MBA,0,75509,71172,Data Scientist,Bangalore,Office,No,Medium,Rejected
10,23,MBA,0,24829,42990,Data Scientist,Hyderabad,Hybrid,Yes,High,Accepted
11,32,M.Tech,8,34203,39270,Data Scientist,Hyderabad,Office,Yes,Medium,Rejected
12,40,M.Tech,16,55591,70441,Software Tester,Bangalore,Office,Yes,Medium,Rejected
13,35,MBA,14,34799,42106,Project Manager,Pune,Office,Yes,Low,Rejected
14,36,MBA,12,44430,50640,Software Tester,Hyderabad,Remote,Yes,Medium,Rejected
15,35,MCA,9,66921,88510,Project Manager,Coimbatore,Remote,Yes,High,Accepted
16,36,B.Sc,13,31827,29661,Web Developer,Hyderabad,Office,Yes,High,Rejected
17,31,B.Tech,6,68084,85183,Data Analyst,Hyderabad,Remote,Yes,Low,Rejected
18,24,MCA,3,29031,46435,Data Analyst,Coimbatore,Remote,No,Low,Accepted
19,37,M.Tech,14,33912,40312,Software Developer,Hyderabad,Office,Yes,High,Accepted
20,30,B.Sc,6,61960,64834,Software Developer,Pune,Office,No,Medium,Accepted
21,31,B.Tech,4,75957,71116,Software Tester,Pune,Office,No,Medium,Rejected
22,29,MBA,7,33600,56705,Software Tester,Hyderabad,Office,No,Medium,Accepted
23,25,M.Tech,3,42399,65831,Software Developer,Hyderabad,Remote,No,Low,Rejected
24,39,M.Tech,16,84909,87138,Software Tester,Coimbatore,Office,No,High,Accepted
25,36,MCA,9,89299,85256,Web Developer,Hyderabad,Office,No,High,Rejected
26,34,B.Sc,8,61512,60194,Data Analyst,Coimbatore,Office,No,High,Accepted
27,29,B.Sc,8,52399,49428,Software Tester,Bangalore,Office,No,High,Rejected
28,37,MCA,15,45587,65521,Software Tester,Coimbatore,Office,Yes,Low,Accepted
29,32,MCA,6,63647,85405,Web Developer,Coimbatore,Hybrid,Yes,Low,Accepted
30,30,MCA,9,62182,61780,Software Tester,Chennai,Remote,No,High,Rejected
31,30,M.Tech,4,42043,59445,Project Manager,Pune,Hybrid,Yes,Medium,Rejected
32,26,MBA,4,23550,23928,Data Analyst,Chennai,Remote,No,High,Rejected
33,23,M.Tech,0,32302,38318,Software Tester,Chennai,Remote,Yes,High,Accepted
34,32,M.Tech,9,87182,100164,Software Tester,Pune,Remote,Yes,High,Accepted
35,38,M.Tech,14,50434,67032,Data Analyst,Bangalore,Office,No,High,Accepted
36,23,B.Tech,0,54797,76034,Project Manager,Bangalore,Hybrid,No,Medium,Accepted
37,38,M.Tech,17,53763,50106,Data Analyst,Hyderabad,Hybrid,No,Low,Rejected
38,37,B.Tech,13,75226,76119,Data Analyst,Coimbatore,Office,Yes,Medium,Rejected
39,27,B.Sc,3,26417,29832,Project Manager,Chennai,Hybrid,No,Low,Rejected
40,34,B.Sc,8,27625,31935,Data Scientist,Hyderabad,Hybrid,No,Medium,Rejected
41,25,MCA,0,40757,65698,Project Manager,Chennai,Remote,No,High,Accepted
42,36,B.Tech,11,55093,73415,Data Scientist,Bangalore,Office,No,High,Rejected
43,35,B.Tech,12,67637,72249,Data Scientist,Pune,Hybrid,No,High,Accepted
44,28,M.Tech,5,55368,79523,Software Tester,Pune,Remote,No,High,Accepted
45,23,MCA,0,51999,61978,Project Manager,Coimbatore,Office,Yes,Low,Rejected
46,40,MCA,14,85773,95795,Data Analyst,Hyderabad,Office,No,Low,Rejected
47,30,M.Tech,7,32949,40960,Software Tester,Hyderabad,Remote,No,Low,Accepted
48,38,B.Tech,16,60878,60195,Web Developer,Bangalore,Remote,No,Medium,Rejected
49,34,M.Tech,11,58873,81905,Data Scientist,Chennai,Remote,No,Medium,Rejected
50,36,M.Tech,15,54197,49615,Data Scientist,Coimbatore,Remote,No,Medium,Accepted
51,36,B.Sc,15,76917,77145,Software Tester,Hyderabad,Remote,Yes,Medium,Rejected
52,25,B.Tech,4,40154,42043,Web Developer,Pune,Office,No,Low,Rejected
53,28,B.Tech,2,86857,90236,Data Analyst,Chennai,Hybrid,Yes,Low,Rejected
54,30,MCA,4,44547,43501,Project Manager,Hyderabad,Office,Yes,Low,Accepted
55,31,B.Sc,6,59060,54598,Web Developer,Pune,Office,No,Medium,Rejected
56,22,B.Tech,0,57406,72736,Web Developer,Pune,Hybrid,No,High,Accepted
57,32,B.Sc,6,79785,103865,Project Manager,Bangalore,Hybrid,Yes,Low,Rejected
58,24,B.Tech,2,51846,50501,Web Developer,Chennai,Remote,Yes,Medium,Accepted
59,36,B.Sc,9,41350,45246,Software Developer,Coimbatore,Remote,Yes,Low,Rejected
60,34,B.Tech,10,23469,33659,Data Analyst,Pune,Hybrid,Yes,Medium,Accepted
61,39,MBA,12,46730,69555,Data Analyst,Pune,Remote,Yes,Low,Accepted
62,36,B.Tech,14,78188,94016,Project Manager,Hyderabad,Remote,Yes,Medium,Rejected
63,28,B.Tech,4,22674,40660,Software Developer,Chennai,Remote,No,Low,Accepted
64,40,B.Tech,15,82939,95373,Data Analyst,Chennai,Office,No,Low,Accepted
65,29,M.Tech,5,58912,66423,Web Developer,Bangalore,Hybrid,No,High,Accepted
66,28,B.Tech,4,31537,32530,Project Manager,Bangalore,Office,Yes,Medium,Rejected
67,39,B.Sc,17,42548,63478,Web Developer,Chennai,Hybrid,Yes,Medium,Rejected
68,29,B.Sc,6,59675,78799,Data Scientist,Hyderabad,Remote,Yes,Low,Rejected
69,23,B.Sc,1,43467,39220,Data Scientist,Bangalore,Hybrid,No,Low,Rejected
70,30,MBA,7,29383,45845,Software Developer,Chennai,Remote,Yes,Low,Accepted
71,37,M.Tech,12,67287,64818,Data Scientist,Chennai,Office,Yes,Medium,Accepted
72,25,MCA,0,67712,84882,Web Developer,Bangalore,Remote,Yes,Medium,Rejected
73,30,M.Tech,5,30083,49862,Web Developer,Hyderabad,Hybrid,No,Medium,Rejected
74,24,MCA,1,41124,40055,Software Developer,Pune,Office,Yes,Low,Rejected
75,35,M.Tech,8,38583,46598,Web Developer,Bangalore,Hybrid,Yes,High,Accepted
76,31,B.Sc,10,66841,65553,Project Manager,Coimbatore,Hybrid,No,Medium,Rejected
77,28,MBA,5,71660,83679,Web Developer,Pune,Hybrid,No,High,Rejected
78,26,M.Tech,5,71436,94263,Software Developer,Bangalore,Office,Yes,Low,Accepted
79,32,MBA,9,85836,83262,Web Developer,Coimbatore,Remote,Yes,Medium,Accepted
80,34,M.Tech,7,74268,81195,Data Scientist,Bangalore,Hybrid,No,Medium,Rejected
81,39,B.Sc,16,43806,68000,Project Manager,Chennai,Office,No,Medium,Accepted
82,30,B.Tech,3,29326,33354,Software Developer,Coimbatore,Hybrid,No,Medium,Accepted
83,25,B.Sc,1,63796,62762,Data Scientist,Bangalore,Hybrid,Yes,Low,Accepted
84,37,B.Tech,12,84289,93947,Data Scientist,Pune,Remote,Yes,Medium,Accepted
85,33,M.Tech,9,88311,98562,Data Analyst,Hyderabad,Remote,No,Medium,Rejected
86,35,MCA,13,37654,52540,Project Manager,Hyderabad,Office,Yes,High,Accepted
87,23,MCA,0,38079,42491,Software Tester,Bangalore,Hybrid,Yes,High,Accepted
88,27,MCA,0,24544,48213,Web Developer,Chennai,Remote,No,Medium,Rejected
89,36,MBA,14,31605,42236,Software Tester,Coimbatore,Hybrid,No,Low,Rejected
90,37,B.Sc,11,59730,63323,Project Manager,Pune,Hybrid,Yes,Low,Rejected
91,30,M.Tech,8,59183,82992,Data Scientist,Chennai,Hybrid,No,Medium,Accepted
92,37,B.Sc,11,47223,69968,Project Manager,Pune,Office,Yes,Medium,Rejected
93,37,MCA,11,43077,53052,Data Scientist,Hyderabad,Remote,No,Medium,Accepted
94,29,B.Tech,5,78426,74171,Data Scientist,Coimbatore,Hybrid,No,High,Accepted
95,39,B.Tech,13,53282,66190,Software Developer,Hyderabad,Hybrid,Yes,High,Rejected
96,27,MCA,5,76961,88617,Data Analyst,Pune,Office,No,Medium,Rejected
97,26,M.Tech,5,87499,86945,Project Manager,Chennai,Remote,Yes,High,Rejected
98,34,B.Sc,13,43565,57584,Web Developer,Chennai,Remote,No,High,Accepted
99,34,M.Tech,10,35786,56010,Software Developer,Hyderabad,Hybrid,Yes,High,Accepted
100,24,B.Tech,0,86798,84975,Software Developer,Pune,Hybrid,Yes,High,Accepted
101,37,B.Tech,16,65169,81869,Web Developer,Chennai,Office,No,Medium,Accepted
102,25,M.Tech,1,41782,40992,Web Developer,Hyderabad,Hybrid,No,Low,Rejected
103,37,B.Tech,12,64287,81752,Data Analyst,Chennai,Office,Yes,Low,Accepted
104,22,B.Tech,0,57024,64597,Data Analyst,Hyderabad,Hybrid,No,Medium,Rejected
105,37,B.Sc,11,83577,78772,Software Developer,Hyderabad,Remote,No,Medium,Rejected
106,36,M.Tech,13,39405,63392,Web Developer,Chennai,Remote,Yes,High,Accepted
107,36,MBA,10,89415,89394,Software Developer,Hyderabad,Office,No,High,Rejected
108,34,B.Tech,9,85651,98532,Web Developer,Pune,Remote,No,Medium,Rejected
109,30,M.Tech,6,34287,34731,Software Tester,Pune,Office,Yes,Medium,Rejected
110,35,M.Tech,13,33193,56184,Software Tester,Chennai,Remote,Yes,High,Accepted
111,27,M.Tech,3,58255,75405,Project Manager,Coimbatore,Remote,No,Medium,Rejected
112,36,M.Tech,10,25053,44184,Web Developer,Coimbatore,Remote,Yes,High,Accepted
113,32,MCA,11,42318,50280,Project Manager,Bangalore,Hybrid,No,High,Rejected
114,30,M.Tech,4,51587,60608,Project Manager,Chennai,Hybrid,No,Low,Rejected
115,31,MCA,7,87918,101947,Data Scientist,Pune,Office,Yes,Medium,Rejected
116,32,M.Tech,6,89482,108025,Project Manager,Hyderabad,Hybrid,Yes,Medium,Accepted
117,22,B.Sc,0,32304,52714,Web Developer,Pune,Hybrid,No,Low,Rejected
118,24,MBA,0,82634,78169,Software Tester,Chennai,Hybrid,Yes,Low,Accepted
119,26,MBA,3,28183,43090,Data Analyst,Chennai,Office,Yes,Low,Rejected
120,24,MBA,0,72906,71180,Web Developer,Pune,Hybrid,No,Medium,Rejected
